cod_qc,radio_est_pp_km,radio_est_temp_km,n_vecinas_con_r,n_vecinas_r_080,inhomogeneidad,dm_estado
qc00000132,0.0,0.0,2,0,False,pocas_vecinas
qc00000135,70.0,70.0,1,0,False,pocas_vecinas
qc00000150,60.0,60.0,0,0,False,pocas_vecinas
qc00000207,0.0,0.0,3,0,False,pocas_vecinas
qc00000208,0.0,0.0,2,0,False,pocas_vecinas
qc00000211,30.59,30.59,3,1,False,pocas_vecinas
qc00000219,0.0,0.0,2,0,False,pocas_vecinas
qc00000230,0.0,0.0,2,0,False,pocas_vecinas
qc00000231,0.0,0.0,3,0,False,pocas_vecinas
qc00000235,70.0,70.0,1,0,False,pocas_vecinas
qc00000240,12.0,12.0,1,0,False,pocas_vecinas
qc00000241,12.0,12.0,0,0,False,pocas_vecinas
qc00000247,0.0,0.0,4,0,False,pocas_vecinas
qc00000248,0.0,0.0,3,0,False,pocas_vecinas
qc00000250,12.0,12.0,1,0,False,pocas_vecinas
qc00000255,70.0,70.0,0,0,False,pocas_vecinas
qc00000260,12.0,12.0,0,0,False,pocas_vecinas
qc00000278,0.0,0.0,4,0,False,pocas_vecinas
qc00000281,60.0,60.0,0,0,False,pocas_vecinas
qc00000301,70.0,70.0,1,0,False,pocas_vecinas
qc00000304,0.0,0.0,2,0,False,pocas_vecinas
qc00000310,60.0,60.0,1,0,False,pocas_vecinas
qc00000320,70.0,70.0,1,0,False,pocas_vecinas
qc00000322,32.76,32.76,4,2,True,evaluado
qc00000325,70.0,70.0,1,0,False,pocas_vecinas
qc00000332,0.0,0.0,2,0,False,pocas_vecinas
qc00000333,70.0,70.0,1,0,False,pocas_vecinas
qc00000340,70.0,70.0,0,0,False,pocas_vecinas
qc00000341,15.0,15.0,0,0,False,pocas_vecinas
qc00000349,12.0,12.0,1,0,False,pocas_vecinas
qc00000352,12.0,12.0,0,0,False,pocas_vecinas
qc00000353,12.0,12.0,0,0,False,pocas_vecinas
qc00000369,15.0,15.0,1,0,False,pocas_vecinas
qc00000370,12.0,12.0,0,0,False,pocas_vecinas
qc00000373,12.0,12.0,0,0,False,pocas_vecinas
qc00000374,12.0,12.0,0,0,False,pocas_vecinas
qc00000383,0.0,0.0,2,0,False,pocas_vecinas
qc00000385,60.0,60.0,1,0,False,pocas_vecinas
qc00000390,60.0,60.0,0,0,False,pocas_vecinas
qc00000393,15.0,15.0,1,0,False,pocas_vecinas
qc00000395,15.0,15.0,0,0,False,pocas_vecinas
qc00000404,30.0,30.0,1,0,False,pocas_vecinas
qc00000435,60.0,60.0,0,0,False,pocas_vecinas
qc00000441,12.0,12.0,0,0,False,pocas_vecinas
qc00000457,30.0,30.0,1,0,False,pocas_vecinas
qc00000459,40.0,40.0,0,0,False,pocas_vecinas
qc00000468,35.0,35.0,0,0,False,pocas_vecinas
qc00000469,35.0,35.0,0,0,False,pocas_vecinas
qc00000477,10.0,10.0,0,0,False,pocas_vecinas
qc00000501,0.0,0.0,2,0,False,pocas_vecinas
qc00000503,10.0,10.0,0,0,False,pocas_vecinas
qc00000534,0.0,0.0,2,0,False,pocas_vecinas
qc00000536,0.0,0.0,3,0,False,pocas_vecinas
qc00000539,60.0,60.0,1,0,False,pocas_vecinas
qc00000541,12.0,12.0,1,0,False,pocas_vecinas
qc00000542,12.0,12.0,0,0,False,pocas_vecinas
qc00000543,60.0,60.0,0,0,False,pocas_vecinas
qc00000546,60.0,60.0,0,0,False,pocas_vecinas
qc00000547,12.0,12.0,0,0,False,pocas_vecinas
qc00000552,10.0,10.0,0,0,False,pocas_vecinas
qc00000607,20.0,20.0,0,0,False,pocas_vecinas
qc00000608,10.0,10.0,1,0,False,pocas_vecinas
qc00000616,60.0,60.0,0,0,False,pocas_vecinas
qc00000618,60.0,60.0,0,0,False,pocas_vecinas
qc00000625,10.0,10.0,0,0,False,pocas_vecinas
qc00000635,0.0,0.0,2,0,False,pocas_vecinas
qc00000638,60.0,60.0,0,0,False,pocas_vecinas
qc00000640,70.0,70.0,0,0,False,pocas_vecinas
qc00000647,10.0,10.0,0,0,False,pocas_vecinas
qc00000650,70.0,70.0,1,0,False,pocas_vecinas
qc00000659,10.0,10.0,0,0,False,pocas_vecinas
qc00000677,20.0,20.0,0,0,False,pocas_vecinas
qc00000686,0.0,0.0,3,0,False,pocas_vecinas
qc00000687,0.0,0.0,2,0,False,pocas_vecinas
qc00000690,20.0,20.0,1,0,False,pocas_vecinas
qc00000698,70.0,70.0,0,0,False,pocas_vecinas
qc00000700,70.0,70.0,1,0,False,pocas_vecinas
qc00000708,20.0,20.0,0,0,False,pocas_vecinas
qc00000727,70.0,70.0,1,0,False,pocas_vecinas
qc00000730,70.0,70.0,1,0,False,pocas_vecinas
qc00000736,30.0,30.0,1,0,False,pocas_vecinas
qc00000743,30.0,30.0,1,0,False,pocas_vecinas
qc00000745,0.0,0.0,2,0,False,pocas_vecinas
qc00000749,30.0,30.0,1,0,False,pocas_vecinas
qc00000754,20.0,20.0,1,0,False,pocas_vecinas
qc00000755,30.0,30.0,1,0,False,pocas_vecinas
qc00000758,0.0,0.0,2,0,False,pocas_vecinas
qc00000762,20.0,20.0,0,0,False,pocas_vecinas
qc00000764,20.0,20.0,1,0,False,pocas_vecinas
qc00000765,30.0,30.0,1,0,False,pocas_vecinas
qc00000778,0.0,0.0,4,0,False,pocas_vecinas
qc00000780,0.0,0.0,3,0,False,pocas_vecinas
qc00000781,0.0,0.0,4,0,False,pocas_vecinas
qc00000783,0.0,0.0,2,0,False,pocas_vecinas
qc00000785,0.0,0.0,2,0,False,pocas_vecinas
qc00000786,0.0,0.0,2,0,False,pocas_vecinas
qc00000787,20.0,20.0,0,0,False,pocas_vecinas
qc00000788,20.0,20.0,1,0,False,pocas_vecinas
qc00000791,70.0,70.0,1,0,False,pocas_vecinas
qc00000801,30.0,30.0,3,2,True,evaluado
qc00000803,0.0,0.0,2,0,False,pocas_vecinas
qc00000804,30.0,30.0,1,0,False,pocas_vecinas
qc00000805,30.0,30.0,1,0,False,pocas_vecinas
qc00000806,30.0,30.0,1,0,False,pocas_vecinas
qc00000807,0.0,0.0,2,0,False,pocas_vecinas
qc00000809,20.0,20.0,3,1,False,pocas_vecinas
qc00000815,20.0,20.0,1,0,False,pocas_vecinas
qc00000818,0.0,0.0,2,0,False,pocas_vecinas
qc00000822,20.0,20.0,1,0,False,pocas_vecinas
qc00000823,20.0,20.0,1,0,False,pocas_vecinas
qc00000826,20.0,20.0,0,0,False,pocas_vecinas
qc00000827,20.0,20.0,0,0,False,pocas_vecinas
qc00000830,70.0,70.0,0,0,False,pocas_vecinas
qc00000833,70.0,70.0,0,0,False,pocas_vecinas
qc00000837,70.0,70.0,0,0,False,pocas_vecinas
qc00000839,30.0,30.0,0,0,False,pocas_vecinas
qc00000840,0.0,0.0,2,0,False,pocas_vecinas
qc00000844,20.0,20.0,1,1,False,pocas_vecinas
qc00000846,0.0,0.0,2,0,False,pocas_vecinas
qc00000847,30.0,30.0,0,0,False,pocas_vecinas
qc00000849,0.0,0.0,2,0,False,pocas_vecinas
qc00000851,30.0,30.0,0,0,False,pocas_vecinas
qc00000853,70.0,70.0,0,0,False,pocas_vecinas
qc00000860,0.0,0.0,2,0,False,pocas_vecinas
qc00000864,30.0,30.0,2,2,False,evaluado
qc00000875,0.0,0.0,2,0,False,pocas_vecinas
qc00000877,30.0,30.0,0,0,False,pocas_vecinas
qc00000879,0.0,0.0,2,0,False,pocas_vecinas
qc00000880,20.0,20.0,1,0,False,pocas_vecinas
qc00000881,20.0,20.0,0,0,False,pocas_vecinas
qc00000882,20.0,20.0,0,0,False,pocas_vecinas
qc00000883,20.0,20.0,1,0,False,pocas_vecinas
qc00000901,0.0,0.0,2,0,False,pocas_vecinas
qc00003308,60.0,60.0,4,4,False,evaluado
qc00003317,0.0,0.0,3,0,False,pocas_vecinas
qc00006200,10.0,10.0,0,0,False,pocas_vecinas
qc00007308,30.0,30.0,2,1,False,pocas_vecinas
qc00007415,20.0,20.0,1,0,False,pocas_vecinas
qc00100015,12.0,12.0,0,0,False,sin_datos
qc00100016,30.0,30.0,0,0,False,sin_datos
qc00100019,60.0,60.0,0,0,False,sin_datos
qc00100020,30.0,30.0,0,0,False,sin_datos
qc00100021,20.0,20.0,0,0,False,sin_datos
qc00100024,20.0,20.0,0,0,False,sin_datos
qc00100025,12.0,12.0,0,0,False,sin_datos
qc00100028,70.0,70.0,0,0,False,sin_datos
qc00100030,35.0,35.0,0,0,False,sin_datos
qc00100034,60.0,60.0,0,0,False,sin_datos
qc00100037,15.0,15.0,0,0,False,sin_datos
qc00100043,70.0,70.0,0,0,False,sin_datos
qc00100044,20.0,20.0,0,0,False,sin_datos
qc00100046,70.0,70.0,0,0,False,sin_datos
qc00100055,20.0,20.0,0,0,False,sin_datos
qc00100059,30.0,30.0,0,0,False,sin_datos
qc00100065,20.0,20.0,0,0,False,sin_datos
qc00100072,70.0,70.0,0,0,False,sin_datos
qc00100080,60.0,60.0,0,0,False,sin_datos
qc00100081,20.0,20.0,0,0,False,sin_datos
qc00100088,20.0,20.0,0,0,False,sin_datos
qc00100090,70.0,70.0,0,0,False,sin_datos
qc00100092,15.0,15.0,0,0,False,sin_datos
qc00100100,20.0,20.0,0,0,False,sin_datos
qc00100101,20.0,20.0,0,0,False,sin_datos
qc00100104,60.0,60.0,0,0,False,sin_datos
qc00100109,60.0,60.0,0,0,False,sin_datos
qc00100110,20.0,20.0,0,0,False,sin_datos
qc00100114,35.0,35.0,0,0,False,sin_datos
qc00100119,10.0,10.0,0,0,False,sin_datos
qc00100120,10.0,10.0,0,0,False,sin_datos
qc00100121,40.0,40.0,0,0,False,sin_datos
qc00100126,70.0,70.0,0,0,False,sin_datos
qc00100127,20.0,20.0,0,0,False,sin_datos
qc00100132,60.0,60.0,0,0,False,sin_datos
qc00100136,70.0,70.0,0,0,False,sin_datos
qc00100137,60.0,60.0,0,0,False,sin_datos
qc00100138,60.0,60.0,0,0,False,sin_datos
qc00100142,30.0,30.0,0,0,False,sin_datos
qc00100150,30.0,30.0,0,0,False,sin_datos
qc00102006,60.0,60.0,0,0,False,sin_datos
qc00103008,70.0,70.0,0,0,False,sin_datos
qc00103009,60.0,60.0,0,0,False,sin_datos
qc00103012,60.0,60.0,0,0,False,sin_datos
qc00103013,60.0,60.0,0,0,False,sin_datos
qc00103014,60.0,60.0,0,0,False,sin_datos
qc00103015,60.0,60.0,0,0,False,sin_datos
qc00103023,60.0,60.0,0,0,False,sin_datos
qc00103024,60.0,60.0,0,0,False,sin_datos
qc00103031,60.0,60.0,0,0,False,sin_datos
qc00103036,70.0,70.0,0,0,False,sin_datos
qc00103038,70.0,70.0,0,0,False,sin_datos
qc00103040,70.0,70.0,0,0,False,sin_datos
qc00103041,70.0,70.0,0,0,False,sin_datos
qc00103042,70.0,70.0,0,0,False,sin_datos
qc00103043,70.0,70.0,0,0,False,sin_datos
qc00103044,60.0,60.0,0,0,False,sin_datos
qc00103046,60.0,60.0,0,0,False,sin_datos
qc00103049,60.0,60.0,0,0,False,sin_datos
qc00103052,60.0,60.0,0,0,False,sin_datos
qc00103054,60.0,60.0,0,0,False,sin_datos
qc00103057,60.0,60.0,0,0,False,sin_datos
qc00103065,60.0,60.0,0,0,False,sin_datos
qc00103068,70.0,70.0,0,0,False,sin_datos
qc00104010,60.0,60.0,0,0,False,sin_datos
qc00104014,70.0,70.0,0,0,False,sin_datos
qc00104016,70.0,70.0,0,0,False,sin_datos
qc00104019,15.0,15.0,0,0,False,sin_datos
qc00104044,70.0,70.0,0,0,False,sin_datos
qc00104056,60.0,60.0,0,0,False,sin_datos
qc00104057,60.0,60.0,0,0,False,sin_datos
qc00104060,60.0,60.0,0,0,False,sin_datos
qc00104061,60.0,60.0,0,0,False,sin_datos
qc00104065,60.0,60.0,0,0,False,sin_datos
qc00104067,60.0,60.0,0,0,False,sin_datos
qc00104071,60.0,60.0,0,0,False,sin_datos
qc00104079,70.0,70.0,0,0,False,sin_datos
qc00104080,70.0,70.0,0,0,False,sin_datos
qc00104084,70.0,70.0,0,0,False,sin_datos
qc00104090,70.0,70.0,0,0,False,sin_datos
qc00104098,60.0,60.0,0,0,False,sin_datos
qc00104112,60.0,60.0,0,0,False,sin_datos
qc00104113,70.0,70.0,0,0,False,sin_datos
qc00105012,70.0,70.0,0,0,False,sin_datos
qc00105013,70.0,70.0,0,0,False,sin_datos
qc00105015,70.0,70.0,0,0,False,sin_datos
qc00105016,15.0,15.0,0,0,False,sin_datos
qc00105022,12.0,12.0,0,0,False,sin_datos
qc00105023,12.0,12.0,0,0,False,sin_datos
qc00105024,12.0,12.0,0,0,False,sin_datos
qc00105040,35.0,35.0,0,0,False,sin_datos
qc00105042,35.0,35.0,0,0,False,sin_datos
qc00105046,35.0,35.0,0,0,False,sin_datos
qc00105053,12.0,12.0,0,0,False,sin_datos
qc00105055,12.0,12.0,0,0,False,sin_datos
qc00105056,12.0,12.0,0,0,False,sin_datos
qc00105057,12.0,12.0,0,0,False,sin_datos
qc00105058,12.0,12.0,0,0,False,sin_datos
qc00105062,12.0,12.0,0,0,False,sin_datos
qc00105063,70.0,70.0,0,0,False,sin_datos
qc00105064,15.0,15.0,0,0,False,sin_datos
qc00105065,12.0,12.0,0,0,False,sin_datos
qc00105067,12.0,12.0,0,0,False,sin_datos
qc00105068,35.0,35.0,0,0,False,sin_datos
qc00105070,70.0,70.0,0,0,False,sin_datos
qc00105074,12.0,12.0,0,0,False,sin_datos
qc00105075,60.0,60.0,0,0,False,sin_datos
qc00105076,70.0,70.0,0,0,False,sin_datos
qc00105078,60.0,60.0,0,0,False,sin_datos
qc00105079,35.0,35.0,0,0,False,sin_datos
qc00105090,60.0,60.0,0,0,False,sin_datos
qc00105091,60.0,60.0,0,0,False,sin_datos
qc00105092,60.0,60.0,0,0,False,sin_datos
qc00105095,60.0,60.0,0,0,False,sin_datos
qc00105100,70.0,70.0,0,0,False,sin_datos
qc00105103,35.0,35.0,0,0,False,sin_datos
qc00105104,60.0,60.0,0,0,False,sin_datos
qc00105105,70.0,70.0,0,0,False,sin_datos
qc00105106,70.0,70.0,0,0,False,sin_datos
qc00105112,70.0,70.0,0,0,False,sin_datos
qc00105120,70.0,70.0,0,0,False,sin_datos
qc00105121,70.0,70.0,0,0,False,sin_datos
qc00105122,70.0,70.0,0,0,False,sin_datos
qc00105136,12.0,12.0,0,0,False,sin_datos
qc00105142,12.0,12.0,0,0,False,sin_datos
qc00105143,70.0,70.0,0,0,False,sin_datos
qc00105144,70.0,70.0,0,0,False,sin_datos
qc00106013,35.0,35.0,0,0,False,sin_datos
qc00106014,35.0,35.0,0,0,False,sin_datos
qc00106016,35.0,35.0,0,0,False,sin_datos
qc00106019,15.0,15.0,0,0,False,sin_datos
qc00106022,15.0,15.0,0,0,False,sin_datos
qc00106032,60.0,60.0,0,0,False,sin_datos
qc00106034,12.0,12.0,0,0,False,sin_datos
qc00106036,70.0,70.0,0,0,False,sin_datos
qc00106037,15.0,15.0,0,0,False,sin_datos
qc00106038,15.0,15.0,0,0,False,sin_datos
qc00106039,15.0,15.0,0,0,False,sin_datos
qc00106040,60.0,60.0,0,0,False,sin_datos
qc00106042,70.0,70.0,0,0,False,sin_datos
qc00106043,60.0,60.0,0,0,False,sin_datos
qc00106046,70.0,70.0,0,0,False,sin_datos
qc00106047,70.0,70.0,0,0,False,sin_datos
qc00106049,70.0,70.0,0,0,False,sin_datos
qc00106053,15.0,15.0,0,0,False,sin_datos
qc00106054,15.0,15.0,0,0,False,sin_datos
qc00106056,15.0,15.0,0,0,False,sin_datos
qc00106057,12.0,12.0,0,0,False,sin_datos
qc00106058,12.0,12.0,0,0,False,sin_datos
qc00106060,12.0,12.0,0,0,False,sin_datos
qc00106061,15.0,15.0,0,0,False,sin_datos
qc00106065,12.0,12.0,0,0,False,sin_datos
qc00106067,12.0,12.0,0,0,False,sin_datos
qc00106068,15.0,15.0,0,0,False,sin_datos
qc00106077,15.0,15.0,0,0,False,sin_datos
qc00106083,35.0,35.0,0,0,False,sin_datos
qc00106084,12.0,12.0,0,0,False,sin_datos
qc00106088,35.0,35.0,0,0,False,sin_datos
qc00106091,60.0,60.0,0,0,False,sin_datos
qc00106092,60.0,60.0,0,0,False,sin_datos
qc00106094,60.0,60.0,0,0,False,sin_datos
qc00106095,60.0,60.0,0,0,False,sin_datos
qc00106096,60.0,60.0,0,0,False,sin_datos
qc00106098,60.0,60.0,0,0,False,sin_datos
qc00106101,60.0,60.0,0,0,False,sin_datos
qc00106108,70.0,70.0,0,0,False,sin_datos
qc00106109,70.0,70.0,0,0,False,sin_datos
qc00106110,60.0,60.0,0,0,False,sin_datos
qc00106112,60.0,60.0,0,0,False,sin_datos
qc00106115,60.0,60.0,0,0,False,sin_datos
qc00106119,60.0,60.0,0,0,False,sin_datos
qc00106120,70.0,70.0,0,0,False,sin_datos
qc00106121,35.0,35.0,0,0,False,sin_datos
qc00106122,70.0,70.0,0,0,False,sin_datos
qc00106138,70.0,70.0,0,0,False,sin_datos
qc00106140,70.0,70.0,0,0,False,sin_datos
qc00106144,35.0,35.0,0,0,False,sin_datos
qc00106145,60.0,60.0,0,0,False,sin_datos
qc00107002,15.0,15.0,0,0,False,sin_datos
qc00107005,15.0,15.0,0,0,False,sin_datos
qc00107006,12.0,12.0,0,0,False,sin_datos
qc00107008,12.0,12.0,0,0,False,sin_datos
qc00107009,12.0,12.0,0,0,False,sin_datos
qc00107010,60.0,60.0,0,0,False,sin_datos
qc00107012,60.0,60.0,0,0,False,sin_datos
qc00107013,60.0,60.0,0,0,False,sin_datos
qc00107016,12.0,12.0,0,0,False,sin_datos
qc00107018,15.0,15.0,0,0,False,sin_datos
qc00107028,12.0,12.0,0,0,False,sin_datos
qc00107033,12.0,12.0,0,0,False,sin_datos
qc00107035,12.0,12.0,0,0,False,sin_datos
qc00107036,15.0,15.0,0,0,False,sin_datos
qc00107037,12.0,12.0,0,0,False,sin_datos
qc00107038,12.0,12.0,0,0,False,sin_datos
qc00107052,15.0,15.0,0,0,False,sin_datos
qc00107054,15.0,15.0,0,0,False,sin_datos
qc00107057,15.0,15.0,0,0,False,sin_datos
qc00107059,15.0,15.0,0,0,False,sin_datos
qc00107068,12.0,12.0,0,0,False,sin_datos
qc00107069,60.0,60.0,0,0,False,sin_datos
qc00107089,60.0,60.0,0,0,False,sin_datos
qc00107091,60.0,60.0,0,0,False,sin_datos
qc00107092,12.0,12.0,0,0,False,sin_datos
qc00107093,12.0,12.0,0,0,False,sin_datos
qc00107095,60.0,60.0,0,0,False,sin_datos
qc00107101,60.0,60.0,0,0,False,sin_datos
qc00107130,12.0,12.0,0,0,False,sin_datos
qc00107131,15.0,15.0,0,0,False,sin_datos
qc00107142,60.0,60.0,0,0,False,sin_datos
qc00107143,15.0,15.0,0,0,False,sin_datos
qc00108001,15.0,15.0,0,0,False,sin_datos
qc00108007,70.0,70.0,0,0,False,sin_datos
qc00108017,10.0,10.0,0,0,False,sin_datos
qc00108021,40.0,40.0,0,0,False,sin_datos
qc00108025,30.0,30.0,0,0,False,sin_datos
qc00108027,40.0,40.0,0,0,False,sin_datos
qc00108028,40.0,40.0,0,0,False,sin_datos
qc00108033,60.0,60.0,0,0,False,sin_datos
qc00108034,40.0,40.0,0,0,False,sin_datos
qc00108043,15.0,15.0,0,0,False,sin_datos
qc00108044,15.0,15.0,0,0,False,sin_datos
qc00108045,15.0,15.0,0,0,False,sin_datos
qc00108046,15.0,15.0,0,0,False,sin_datos
qc00108048,15.0,15.0,0,0,False,sin_datos
qc00108068,70.0,70.0,0,0,False,sin_datos
qc00108103,10.0,10.0,0,0,False,sin_datos
qc00109003,30.0,30.0,0,0,False,sin_datos
qc00109014,60.0,60.0,0,0,False,sin_datos
qc00109016,12.0,12.0,0,0,False,sin_datos
qc00109017,12.0,12.0,0,0,False,sin_datos
qc00109018,12.0,12.0,0,0,False,sin_datos
qc00109022,10.0,10.0,0,0,False,sin_datos
qc00109027,35.0,35.0,0,0,False,sin_datos
qc00109028,35.0,35.0,0,0,False,sin_datos
qc00109032,40.0,40.0,0,0,False,sin_datos
qc00109038,12.0,12.0,0,0,False,sin_datos
qc00109046,12.0,12.0,0,0,False,sin_datos
qc00109048,12.0,12.0,0,0,False,sin_datos
qc00109077,10.0,10.0,0,0,False,sin_datos
qc00109082,30.0,30.0,0,0,False,sin_datos
qc00109085,10.0,10.0,0,0,False,sin_datos
qc00109091,12.0,12.0,0,0,False,sin_datos
qc00109093,40.0,40.0,0,0,False,sin_datos
qc00109094,10.0,10.0,0,0,False,sin_datos
qc00109095,12.0,12.0,0,0,False,sin_datos
qc00109096,60.0,60.0,0,0,False,sin_datos
qc00110008,40.0,40.0,0,0,False,sin_datos
qc00110016,60.0,60.0,0,0,False,sin_datos
qc00110017,60.0,60.0,0,0,False,sin_datos
qc00110018,12.0,12.0,0,0,False,sin_datos
qc00110020,12.0,12.0,0,0,False,sin_datos
qc00110021,12.0,12.0,0,0,False,sin_datos
qc00110025,10.0,10.0,0,0,False,sin_datos
qc00110028,30.0,30.0,0,0,False,sin_datos
qc00110040,12.0,12.0,0,0,False,sin_datos
qc00110051,12.0,12.0,0,0,False,sin_datos
qc00110053,12.0,12.0,0,0,False,sin_datos
qc00110056,12.0,12.0,0,0,False,sin_datos
qc00110057,12.0,12.0,0,0,False,sin_datos
qc00110059,12.0,12.0,0,0,False,sin_datos
qc00110063,12.0,12.0,0,0,False,sin_datos
qc00110138,12.0,12.0,0,0,False,sin_datos
qc00110139,12.0,12.0,0,0,False,sin_datos
qc00110143,40.0,40.0,0,0,False,sin_datos
qc00110145,12.0,12.0,0,0,False,sin_datos
qc00110146,30.0,30.0,0,0,False,sin_datos
qc00111004,60.0,60.0,0,0,False,sin_datos
qc00111005,10.0,10.0,0,0,False,sin_datos
qc00111018,60.0,60.0,0,0,False,sin_datos
qc00111022,60.0,60.0,0,0,False,sin_datos
qc00111023,60.0,60.0,0,0,False,sin_datos
qc00111026,12.0,12.0,0,0,False,sin_datos
qc00111029,10.0,10.0,0,0,False,sin_datos
qc00111030,10.0,10.0,0,0,False,sin_datos
qc00111031,10.0,10.0,0,0,False,sin_datos
qc00111038,40.0,40.0,0,0,False,sin_datos
qc00111039,40.0,40.0,0,0,False,sin_datos
qc00111046,10.0,10.0,0,0,False,sin_datos
qc00111057,12.0,12.0,0,0,False,sin_datos
qc00111060,60.0,60.0,0,0,False,sin_datos
qc00111061,12.0,12.0,0,0,False,sin_datos
qc00111062,12.0,12.0,0,0,False,sin_datos
qc00111067,12.0,12.0,0,0,False,sin_datos
qc00111070,10.0,10.0,0,0,False,sin_datos
qc00111076,10.0,10.0,0,0,False,sin_datos
qc00111077,12.0,12.0,0,0,False,sin_datos
qc00111081,12.0,12.0,0,0,False,sin_datos
qc00111084,12.0,12.0,0,0,False,sin_datos
qc00111085,12.0,12.0,0,0,False,sin_datos
qc00111086,60.0,60.0,0,0,False,sin_datos
qc00111087,12.0,12.0,0,0,False,sin_datos
qc00111088,12.0,12.0,0,0,False,sin_datos
qc00111089,12.0,12.0,0,0,False,sin_datos
qc00111091,12.0,12.0,0,0,False,sin_datos
qc00111092,12.0,12.0,0,0,False,sin_datos
qc00111093,12.0,12.0,0,0,False,sin_datos
qc00111095,10.0,10.0,0,0,False,sin_datos
qc00111097,10.0,10.0,0,0,False,sin_datos
qc00111099,10.0,10.0,0,0,False,sin_datos
qc00111114,12.0,12.0,0,0,False,sin_datos
qc00111144,12.0,12.0,0,0,False,sin_datos
qc00111151,60.0,60.0,0,0,False,sin_datos
qc00111159,12.0,12.0,0,0,False,sin_datos
qc00111163,60.0,60.0,0,0,False,sin_datos
qc00111175,12.0,12.0,0,0,False,sin_datos
qc00111286,60.0,60.0,0,0,False,sin_datos
qc00111287,60.0,60.0,0,0,False,sin_datos
qc00111290,60.0,60.0,0,0,False,sin_datos
qc00111291,12.0,12.0,0,0,False,sin_datos
qc00111294,10.0,10.0,0,0,False,sin_datos
qc00111296,10.0,10.0,0,0,False,sin_datos
qc00111299,40.0,40.0,0,0,False,sin_datos
qc00111300,60.0,60.0,0,0,False,sin_datos
qc00112012,10.0,10.0,0,0,False,sin_datos
qc00112028,10.0,10.0,0,0,False,sin_datos
qc00112037,10.0,10.0,0,0,False,sin_datos
qc00112051,10.0,10.0,0,0,False,sin_datos
qc00112055,12.0,12.0,0,0,False,sin_datos
qc00112056,10.0,10.0,0,0,False,sin_datos
qc00112058,60.0,60.0,0,0,False,sin_datos
qc00112059,10.0,10.0,0,0,False,sin_datos
qc00112060,10.0,10.0,0,0,False,sin_datos
qc00112067,10.0,10.0,0,0,False,sin_datos
qc00112068,35.0,35.0,0,0,False,sin_datos
qc00112069,35.0,35.0,0,0,False,sin_datos
qc00112080,12.0,12.0,0,0,False,sin_datos
qc00112081,12.0,12.0,0,0,False,sin_datos
qc00112082,12.0,12.0,0,0,False,sin_datos
qc00112083,10.0,10.0,0,0,False,sin_datos
qc00112096,12.0,12.0,0,0,False,sin_datos
qc00112124,12.0,12.0,0,0,False,sin_datos
qc00112126,12.0,12.0,0,0,False,sin_datos
qc00112127,12.0,12.0,0,0,False,sin_datos
qc00112128,12.0,12.0,0,0,False,sin_datos
qc00112142,10.0,10.0,0,0,False,sin_datos
qc00112154,35.0,35.0,0,0,False,sin_datos
qc00112171,60.0,60.0,0,0,False,sin_datos
qc00112181,60.0,60.0,0,0,False,sin_datos
qc00112193,60.0,60.0,0,0,False,sin_datos
qc00112208,60.0,60.0,0,0,False,sin_datos
qc00112233,60.0,60.0,0,0,False,sin_datos
qc00112265,60.0,60.0,0,0,False,sin_datos
qc00112267,60.0,60.0,0,0,False,sin_datos
qc00112269,20.0,20.0,0,0,False,sin_datos
qc00112277,60.0,60.0,0,0,False,sin_datos
qc00112278,60.0,60.0,0,0,False,sin_datos
qc00112279,60.0,60.0,0,0,False,sin_datos
qc00112281,60.0,60.0,0,0,False,sin_datos
qc00113009,70.0,70.0,0,0,False,sin_datos
qc00113010,70.0,70.0,0,0,False,sin_datos
qc00113016,10.0,10.0,0,0,False,sin_datos
qc00113021,20.0,20.0,0,0,False,sin_datos
qc00113022,20.0,20.0,0,0,False,sin_datos
qc00113025,20.0,20.0,0,0,False,sin_datos
qc00113029,20.0,20.0,0,0,False,sin_datos
qc00113031,35.0,35.0,0,0,False,sin_datos
qc00113034,20.0,20.0,0,0,False,sin_datos
qc00113035,20.0,20.0,0,0,False,sin_datos
qc00113037,20.0,20.0,0,0,False,sin_datos
qc00113041,20.0,20.0,0,0,False,sin_datos
qc00113058,70.0,70.0,0,0,False,sin_datos
qc00113061,12.0,12.0,0,0,False,sin_datos
qc00113067,12.0,12.0,0,0,False,sin_datos
qc00113081,12.0,12.0,0,0,False,sin_datos
qc00113082,12.0,12.0,0,0,False,sin_datos
qc00113086,12.0,12.0,0,0,False,sin_datos
qc00113087,12.0,12.0,0,0,False,sin_datos
qc00113091,10.0,10.0,0,0,False,sin_datos
qc00113100,20.0,20.0,0,0,False,sin_datos
qc00113101,20.0,20.0,0,0,False,sin_datos
qc00113116,20.0,20.0,0,0,False,sin_datos
qc00113119,35.0,35.0,0,0,False,sin_datos
qc00113122,20.0,20.0,0,0,False,sin_datos
qc00113128,12.0,12.0,0,0,False,sin_datos
qc00113136,35.0,35.0,0,0,False,sin_datos
qc00113138,35.0,35.0,0,0,False,sin_datos
qc00113139,20.0,20.0,0,0,False,sin_datos
qc00113140,60.0,60.0,0,0,False,sin_datos
qc00113153,70.0,70.0,0,0,False,sin_datos
qc00113225,20.0,20.0,0,0,False,sin_datos
qc00113244,70.0,70.0,0,0,False,sin_datos
qc00113246,20.0,20.0,0,0,False,sin_datos
qc00113247,20.0,20.0,0,0,False,sin_datos
qc00113249,60.0,60.0,0,0,False,sin_datos
qc00113251,60.0,60.0,0,0,False,sin_datos
qc00113252,20.0,20.0,0,0,False,sin_datos
qc00113253,20.0,20.0,0,0,False,sin_datos
qc00113254,35.0,35.0,0,0,False,sin_datos
qc00114006,70.0,70.0,0,0,False,sin_datos
qc00114008,70.0,70.0,0,0,False,sin_datos
qc00114018,70.0,70.0,0,0,False,sin_datos
qc00114020,70.0,70.0,0,0,False,sin_datos
qc00114021,70.0,70.0,0,0,False,sin_datos
qc00114023,30.0,30.0,0,0,False,sin_datos
qc00114033,20.0,20.0,0,0,False,sin_datos
qc00114034,20.0,20.0,0,0,False,sin_datos
qc00114035,20.0,20.0,0,0,False,sin_datos
qc00114038,20.0,20.0,0,0,False,sin_datos
qc00114039,20.0,20.0,0,0,False,sin_datos
qc00114040,20.0,20.0,0,0,False,sin_datos
qc00114041,20.0,20.0,0,0,False,sin_datos
qc00114042,20.0,20.0,0,0,False,sin_datos
qc00114044,20.0,20.0,0,0,False,sin_datos
qc00114047,20.0,20.0,0,0,False,sin_datos
qc00114049,20.0,20.0,0,0,False,sin_datos
qc00114050,20.0,20.0,0,0,False,sin_datos
qc00114055,30.0,30.0,0,0,False,sin_datos
qc00114058,20.0,20.0,0,0,False,sin_datos
qc00114065,12.0,12.0,0,0,False,sin_datos
qc00114067,30.0,30.0,0,0,False,sin_datos
qc00114072,30.0,30.0,0,0,False,sin_datos
qc00114093,20.0,20.0,0,0,False,sin_datos
qc00114096,20.0,20.0,0,0,False,sin_datos
qc00114106,70.0,70.0,0,0,False,sin_datos
qc00114118,20.0,20.0,0,0,False,sin_datos
qc00114122,30.0,30.0,0,0,False,sin_datos
qc00114123,20.0,20.0,0,0,False,sin_datos
qc00114124,20.0,20.0,0,0,False,sin_datos
qc00114125,20.0,20.0,0,0,False,sin_datos
qc00114126,20.0,20.0,0,0,False,sin_datos
qc00114127,30.0,30.0,0,0,False,sin_datos
qc00114131,20.0,20.0,0,0,False,sin_datos
qc00114136,70.0,70.0,0,0,False,sin_datos
qc00114137,20.0,20.0,0,0,False,sin_datos
qc00114138,20.0,20.0,0,0,False,sin_datos
qc00114139,70.0,70.0,0,0,False,sin_datos
qc00115015,30.0,30.0,0,0,False,sin_datos
qc00115017,30.0,30.0,0,0,False,sin_datos
qc00115019,30.0,30.0,0,0,False,sin_datos
qc00115020,30.0,30.0,0,0,False,sin_datos
qc00115021,30.0,30.0,0,0,False,sin_datos
qc00115022,20.0,20.0,0,0,False,sin_datos
qc00115024,30.0,30.0,0,0,False,sin_datos
qc00115025,30.0,30.0,0,0,False,sin_datos
qc00115027,20.0,20.0,0,0,False,sin_datos
qc00115029,30.0,30.0,0,0,False,sin_datos
qc00115033,20.0,20.0,0,0,False,sin_datos
qc00115035,20.0,20.0,0,0,False,sin_datos
qc00115037,20.0,20.0,0,0,False,sin_datos
qc00115038,20.0,20.0,0,0,False,sin_datos
qc00115041,30.0,30.0,0,0,False,sin_datos
qc00115043,30.0,30.0,0,0,False,sin_datos
qc00115044,30.0,30.0,0,0,False,sin_datos
qc00115046,20.0,20.0,0,0,False,sin_datos
qc00115047,20.0,20.0,0,0,False,sin_datos
qc00115049,20.0,20.0,0,0,False,sin_datos
qc00115051,20.0,20.0,0,0,False,sin_datos
qc00115052,20.0,20.0,0,0,False,sin_datos
qc00115053,20.0,20.0,0,0,False,sin_datos
qc00115076,30.0,30.0,0,0,False,sin_datos
qc00115078,30.0,30.0,0,0,False,sin_datos
qc00115082,30.0,30.0,0,0,False,sin_datos
qc00115084,30.0,30.0,0,0,False,sin_datos
qc00115085,30.0,30.0,0,0,False,sin_datos
qc00115086,30.0,30.0,0,0,False,sin_datos
qc00115087,30.0,30.0,0,0,False,sin_datos
qc00115088,30.0,30.0,0,0,False,sin_datos
qc00115089,30.0,30.0,0,0,False,sin_datos
qc00115090,30.0,30.0,0,0,False,sin_datos
qc00115092,30.0,30.0,0,0,False,sin_datos
qc00115098,30.0,30.0,0,0,False,sin_datos
qc00115101,30.0,30.0,0,0,False,sin_datos
qc00115126,30.0,30.0,0,0,False,sin_datos
qc00115128,30.0,30.0,0,0,False,sin_datos
qc00115129,30.0,30.0,0,0,False,sin_datos
qc00115138,20.0,20.0,0,0,False,sin_datos
qc00115140,20.0,20.0,0,0,False,sin_datos
qc00115151,30.0,30.0,0,0,False,sin_datos
qc00115155,30.0,30.0,0,0,False,sin_datos
qc00115156,20.0,20.0,0,0,False,sin_datos
qc00115157,20.0,20.0,0,0,False,sin_datos
qc00115158,20.0,20.0,0,0,False,sin_datos
qc00116003,30.0,30.0,0,0,False,sin_datos
qc00116005,30.0,30.0,0,0,False,sin_datos
qc00116006,30.0,30.0,0,0,False,sin_datos
qc00116009,20.0,20.0,0,0,False,sin_datos
qc00116011,70.0,70.0,0,0,False,sin_datos
qc00116013,70.0,70.0,0,0,False,sin_datos
qc00116014,70.0,70.0,0,0,False,sin_datos
qc00116017,30.0,30.0,0,0,False,sin_datos
qc00116020,30.0,30.0,0,0,False,sin_datos
qc00116021,30.0,30.0,0,0,False,sin_datos
qc00116022,30.0,30.0,0,0,False,sin_datos
qc00116023,30.0,30.0,0,0,False,sin_datos
qc00116025,30.0,30.0,0,0,False,sin_datos
qc00116027,20.0,20.0,0,0,False,sin_datos
qc00116029,20.0,20.0,0,0,False,sin_datos
qc00116030,20.0,20.0,0,0,False,sin_datos
qc00116033,20.0,20.0,0,0,False,sin_datos
qc00116043,30.0,30.0,0,0,False,sin_datos
qc00116046,30.0,30.0,0,0,False,sin_datos
qc00116049,30.0,30.0,0,0,False,sin_datos
qc00116051,30.0,30.0,0,0,False,sin_datos
qc00116052,30.0,30.0,0,0,False,sin_datos
qc00116058,30.0,30.0,0,0,False,sin_datos
qc00116060,20.0,20.0,0,0,False,sin_datos
qc00116061,20.0,20.0,0,0,False,sin_datos
qc00116065,30.0,30.0,0,0,False,sin_datos
qc00116073,30.0,30.0,0,0,False,sin_datos
qc00116075,20.0,20.0,0,0,False,sin_datos
qc00116077,30.0,30.0,0,0,False,sin_datos
qc00116078,30.0,30.0,0,0,False,sin_datos
qc00116079,30.0,30.0,0,0,False,sin_datos
qc00116081,30.0,30.0,0,0,False,sin_datos
qc00116082,30.0,30.0,0,0,False,sin_datos
qc00116083,30.0,30.0,0,0,False,sin_datos
qc00116084,70.0,70.0,0,0,False,sin_datos
qc00116085,30.0,30.0,0,0,False,sin_datos
qc00116086,30.0,30.0,0,0,False,sin_datos
qc00116087,30.0,30.0,0,0,False,sin_datos
qc00117002,30.0,30.0,0,0,False,sin_datos
qc00117003,70.0,70.0,0,0,False,sin_datos
qc00117005,70.0,70.0,0,0,False,sin_datos
qc00117006,70.0,70.0,0,0,False,sin_datos
qc00117007,70.0,70.0,0,0,False,sin_datos
qc00117008,70.0,70.0,0,0,False,sin_datos
qc00117012,70.0,70.0,0,0,False,sin_datos
qc00117013,30.0,30.0,0,0,False,sin_datos
qc00117014,30.0,30.0,0,0,False,sin_datos
qc00117018,70.0,70.0,0,0,False,sin_datos
qc00117019,30.0,30.0,0,0,False,sin_datos
qc00117020,30.0,30.0,0,0,False,sin_datos
qc00117024,30.0,30.0,0,0,False,sin_datos
qc00117030,30.0,30.0,0,0,False,sin_datos
qc00117031,30.0,30.0,0,0,False,sin_datos
qc00117033,30.0,30.0,0,0,False,sin_datos
qc00117037,30.0,30.0,0,0,False,sin_datos
qc00117039,30.0,30.0,0,0,False,sin_datos
qc00117041,30.0,30.0,0,0,False,sin_datos
qc00117043,30.0,30.0,0,0,False,sin_datos
qc00117049,30.0,30.0,0,0,False,sin_datos
qc00117054,30.0,30.0,0,0,False,sin_datos
qc00117060,30.0,30.0,0,0,False,sin_datos
qc00117061,70.0,70.0,0,0,False,sin_datos
qc00118002,70.0,70.0,0,0,False,sin_datos
qc00118004,70.0,70.0,0,0,False,sin_datos
qc00150001,70.0,70.0,1,0,False,pocas_vecinas
qc00150112,0.0,0.0,3,0,False,pocas_vecinas
qc00150201,0.0,0.0,5,0,False,pocas_vecinas
qc00150204,60.0,60.0,1,0,False,pocas_vecinas
qc00150205,60.0,60.0,0,0,False,pocas_vecinas
qc00150206,60.0,60.0,0,0,False,pocas_vecinas
qc00150207,60.0,60.0,0,0,False,pocas_vecinas
qc00150208,60.0,60.0,0,0,False,pocas_vecinas
qc00150209,60.0,60.0,0,0,False,pocas_vecinas
qc00150903,12.0,12.0,0,0,False,pocas_vecinas
qc00151100,0.0,0.0,2,0,False,pocas_vecinas
qc00151204,12.0,12.0,1,0,False,pocas_vecinas
qc00151207,12.0,12.0,0,0,False,pocas_vecinas
qc00151209,60.0,60.0,0,0,False,pocas_vecinas
qc00151210,12.0,12.0,0,0,False,pocas_vecinas
qc00151212,12.0,12.0,0,0,False,pocas_vecinas
qc00151213,0.0,0.0,2,0,False,pocas_vecinas
qc00151214,12.0,12.0,1,0,False,pocas_vecinas
qc00151500,60.0,60.0,1,0,False,pocas_vecinas
qc00151503,12.0,12.0,1,1,False,pocas_vecinas
qc00151602,30.0,30.0,2,1,False,pocas_vecinas
qc00152100,0.0,0.0,3,0,False,pocas_vecinas
qc00152101,70.0,70.0,0,0,False,pocas_vecinas
qc00152103,70.0,70.0,1,0,False,pocas_vecinas
qc00152106,15.0,15.0,0,0,False,pocas_vecinas
qc00152107,70.0,70.0,0,0,False,pocas_vecinas
qc00152126,0.0,0.0,2,0,False,pocas_vecinas
qc00152127,0.0,0.0,3,0,False,pocas_vecinas
qc00152128,12.0,12.0,1,0,False,pocas_vecinas
qc00152129,12.0,12.0,1,0,False,pocas_vecinas
qc00152204,35.0,35.0,1,0,False,pocas_vecinas
qc00152210,35.0,35.0,1,0,False,pocas_vecinas
qc00152401,0.0,0.0,2,0,False,pocas_vecinas
qc00152402,0.0,0.0,2,0,False,pocas_vecinas
qc00152406,0.0,0.0,3,0,False,pocas_vecinas
qc00152409,60.0,60.0,0,0,False,pocas_vecinas
qc00153101,15.0,15.0,0,0,False,pocas_vecinas
qc00153102,12.0,12.0,0,0,False,pocas_vecinas
qc00153103,15.0,15.0,0,0,False,pocas_vecinas
qc00153107,12.0,12.0,0,0,False,pocas_vecinas
qc00153109,12.0,12.0,0,0,False,pocas_vecinas
qc00153110,15.0,15.0,0,0,False,pocas_vecinas
qc00153114,70.0,70.0,1,0,False,pocas_vecinas
qc00153201,15.0,15.0,0,0,False,pocas_vecinas
qc00153206,15.0,15.0,0,0,False,pocas_vecinas
qc00153208,15.0,15.0,0,0,False,pocas_vecinas
qc00153223,12.0,12.0,0,0,False,pocas_vecinas
qc00153225,60.0,60.0,1,0,False,pocas_vecinas
qc00153226,0.0,0.0,2,0,False,pocas_vecinas
qc00153235,12.0,12.0,0,0,False,pocas_vecinas
qc00153300,0.0,0.0,3,0,False,pocas_vecinas
qc00153307,30.61,30.61,4,1,False,pocas_vecinas
qc00153311,60.0,60.0,0,0,False,pocas_vecinas
qc00153312,0.0,0.0,3,0,False,pocas_vecinas
qc00153313,0.0,0.0,2,0,False,pocas_vecinas
qc00153314,35.97,35.97,3,1,False,pocas_vecinas
qc00153315,0.0,0.0,3,0,False,pocas_vecinas
qc00153316,0.0,0.0,2,0,False,pocas_vecinas
qc00153319,0.0,0.0,4,0,False,pocas_vecinas
qc00153320,0.0,0.0,3,0,False,pocas_vecinas
qc00153322,0.0,0.0,4,0,False,pocas_vecinas
qc00153327,15.0,15.0,0,0,False,pocas_vecinas
qc00154101,15.0,15.0,0,0,False,pocas_vecinas
qc00154102,15.0,15.0,1,0,False,pocas_vecinas
qc00154103,15.0,15.0,1,0,False,pocas_vecinas
qc00154106,15.0,15.0,1,0,False,pocas_vecinas
qc00154110,12.0,12.0,0,0,False,pocas_vecinas
qc00154112,15.0,15.0,1,0,False,pocas_vecinas
qc00155105,12.0,12.0,0,0,False,pocas_vecinas
qc00155107,12.0,12.0,0,0,False,pocas_vecinas
qc00155112,12.0,12.0,1,0,False,pocas_vecinas
qc00155115,10.0,10.0,0,0,False,pocas_vecinas
qc00155121,10.0,10.0,0,0,False,pocas_vecinas
qc00155122,12.0,12.0,0,0,False,pocas_vecinas
qc00155200,12.0,12.0,0,0,False,pocas_vecinas
qc00155201,12.0,12.0,1,0,False,pocas_vecinas
qc00155202,12.0,12.0,0,0,False,pocas_vecinas
qc00155205,12.0,12.0,0,0,False,pocas_vecinas
qc00155207,12.0,12.0,1,0,False,pocas_vecinas
qc00155209,12.0,12.0,0,0,False,pocas_vecinas
qc00155212,12.0,12.0,1,0,False,pocas_vecinas
qc00155213,60.0,60.0,0,0,False,pocas_vecinas
qc00155214,12.0,12.0,1,0,False,pocas_vecinas
qc00155217,0.0,0.0,2,0,False,pocas_vecinas
qc00155218,0.0,0.0,3,0,False,pocas_vecinas
qc00155223,0.0,0.0,2,0,False,pocas_vecinas
qc00155224,12.0,12.0,1,0,False,pocas_vecinas
qc00155229,10.0,10.0,0,0,False,pocas_vecinas
qc00155231,10.0,10.0,1,0,False,pocas_vecinas
qc00155450,12.0,12.0,0,0,False,pocas_vecinas
qc00156100,12.0,12.0,0,0,False,pocas_vecinas
qc00156102,12.0,12.0,0,0,False,pocas_vecinas
qc00156103,12.0,12.0,1,0,False,pocas_vecinas
qc00156104,12.0,12.0,1,0,False,pocas_vecinas
qc00156113,12.0,12.0,1,1,False,pocas_vecinas
qc00156114,12.0,12.0,2,2,False,evaluado
qc00156122,12.0,12.0,1,1,False,pocas_vecinas
qc00156123,12.0,12.0,1,1,False,pocas_vecinas
qc00156126,10.0,10.0,0,0,False,pocas_vecinas
qc00156130,12.0,12.0,0,0,False,pocas_vecinas
qc00156211,20.0,20.0,1,1,False,pocas_vecinas
qc00156212,20.0,20.0,1,1,False,pocas_vecinas
qc00156306,20.0,20.0,1,0,False,pocas_vecinas
qc00157101,12.0,12.0,0,0,False,pocas_vecinas
qc00157200,30.0,30.0,0,0,False,pocas_vecinas
qc00157206,30.0,30.0,0,0,False,pocas_vecinas
qc00157223,30.0,30.0,0,0,False,pocas_vecinas
qc00157300,30.0,30.0,0,0,False,pocas_vecinas
qc00157309,30.0,30.0,1,0,False,pocas_vecinas
qc00157310,28.56,28.56,2,1,False,pocas_vecinas
qc00157311,30.0,30.0,1,0,False,pocas_vecinas
qc00157312,30.0,30.0,3,2,False,evaluado
qc00157313,30.0,30.0,0,0,False,pocas_vecinas
qc00157314,30.0,30.0,0,0,False,pocas_vecinas
qc00157315,30.0,30.0,4,4,False,evaluado
qc00157317,30.0,30.0,2,1,False,pocas_vecinas
qc00157329,0.0,0.0,2,0,False,pocas_vecinas
qc00157414,0.0,0.0,5,0,False,pocas_vecinas
qc00157418,20.0,20.0,0,0,False,pocas_vecinas
qc00158208,30.0,30.0,4,1,False,pocas_vecinas
qc00158209,30.0,30.0,2,1,False,pocas_vecinas
qc00158301,30.0,30.0,1,0,False,pocas_vecinas
qc00158308,30.0,30.0,0,0,False,pocas_vecinas
qc00158310,30.0,30.0,0,0,False,pocas_vecinas
qc00158317,30.0,30.0,1,0,False,pocas_vecinas
qc00158318,30.0,30.0,1,0,False,pocas_vecinas
qc00158321,30.0,30.0,1,0,False,pocas_vecinas
qc00158323,30.0,30.0,0,0,False,pocas_vecinas
qc00158325,30.0,30.0,0,0,False,pocas_vecinas
qc00158326,0.0,0.0,3,0,False,pocas_vecinas
qc00158327,0.0,0.0,3,0,False,pocas_vecinas
qc00158328,30.0,30.0,1,0,False,pocas_vecinas
qc00200202,70.0,70.0,0,0,False,sin_datos
qc00200322,70.0,70.0,0,0,False,sin_datos
qc00200415,70.0,70.0,0,0,False,sin_datos
qc00200801,70.0,70.0,0,0,False,sin_datos
qc00201204,70.0,70.0,0,0,False,sin_datos
qc00201301,15.0,15.0,0,0,False,sin_datos
qc00201717,15.0,15.0,0,0,False,sin_datos
qc00202601,12.0,12.0,0,0,False,sin_datos
qc00202607,12.0,12.0,0,0,False,sin_datos
qc00202701,60.0,60.0,0,0,False,sin_datos
qc00202801,12.0,12.0,0,0,False,sin_datos
qc00202802,12.0,12.0,0,0,False,sin_datos
qc00202902,12.0,12.0,0,0,False,sin_datos
qc00202903,12.0,12.0,0,0,False,sin_datos
qc00202904,12.0,12.0,0,0,False,sin_datos
qc00202905,12.0,12.0,0,0,False,sin_datos
qc00202906,60.0,60.0,0,0,False,sin_datos
qc00202910,60.0,60.0,0,0,False,sin_datos
qc00202930,60.0,60.0,0,0,False,sin_datos
qc00203003,12.0,12.0,0,0,False,sin_datos
qc00203302,60.0,60.0,0,0,False,sin_datos
qc00203303,60.0,60.0,0,0,False,sin_datos
qc00203501,70.0,70.0,0,0,False,sin_datos
qc00203601,70.0,70.0,0,0,False,sin_datos
qc00204501,30.0,30.0,0,0,False,sin_datos
qc00204504,70.0,70.0,0,0,False,sin_datos
qc00204506,30.0,30.0,0,0,False,sin_datos
qc00204604,30.0,30.0,0,0,False,sin_datos
qc00204617,70.0,70.0,0,0,False,sin_datos
qc00204621,70.0,70.0,0,0,False,sin_datos
qc00204702,30.0,30.0,0,0,False,sin_datos
qc00204707,30.0,30.0,0,0,False,sin_datos
qc00204708,30.0,30.0,0,0,False,sin_datos
qc00204710,30.0,30.0,0,0,False,sin_datos
qc00204804,30.0,30.0,0,0,False,sin_datos
qc00204905,70.0,70.0,0,0,False,sin_datos
qc00205010,70.0,70.0,0,0,False,sin_datos
qc00210006,60.0,60.0,0,0,False,sin_datos
qc00210007,20.0,20.0,0,0,False,sin_datos
qc00210101,20.0,20.0,0,0,False,sin_datos
qc00210102,20.0,20.0,0,0,False,sin_datos
qc00210103,20.0,20.0,0,0,False,sin_datos
qc00210201,20.0,20.0,0,0,False,sin_datos
qc00210301,20.0,20.0,0,0,False,sin_datos
qc00210405,20.0,20.0,0,0,False,sin_datos
qc00210406,20.0,20.0,0,0,False,sin_datos
qc00210407,20.0,20.0,0,0,False,sin_datos
qc00210502,20.0,20.0,0,0,False,sin_datos
qc00210503,70.0,70.0,0,0,False,sin_datos
qc00211001,70.0,70.0,0,0,False,sin_datos
qc00211002,70.0,70.0,0,0,False,sin_datos
qc00211003,70.0,70.0,0,0,False,sin_datos
qc00211004,15.0,15.0,0,0,False,sin_datos
qc00211404,12.0,12.0,0,0,False,sin_datos
qc00211408,70.0,70.0,0,0,False,sin_datos
qc00211601,60.0,60.0,0,0,False,sin_datos
qc00211705,30.0,30.0,0,0,False,sin_datos
qc00212200,60.0,60.0,0,0,False,sin_datos
qc00212301,60.0,60.0,0,0,False,sin_datos
qc00212500,60.0,60.0,0,0,False,sin_datos
qc00212605,12.0,12.0,0,0,False,sin_datos
qc00212607,60.0,60.0,0,0,False,sin_datos
qc00212700,12.0,12.0,0,0,False,sin_datos
qc00213403,70.0,70.0,0,0,False,sin_datos
qc00213500,70.0,70.0,0,0,False,sin_datos
qc00213502,12.0,12.0,0,0,False,sin_datos
qc00213503,70.0,70.0,0,0,False,sin_datos
qc00213504,70.0,70.0,0,0,False,sin_datos
qc00213506,70.0,70.0,0,0,False,sin_datos
qc00213507,12.0,12.0,0,0,False,sin_datos
qc00213600,30.0,30.0,0,0,False,sin_datos
qc00214400,70.0,70.0,0,0,False,sin_datos
qc00214700,30.0,30.0,0,0,False,sin_datos
qc00214800,30.0,30.0,0,0,False,sin_datos
qc00214901,70.0,70.0,0,0,False,sin_datos
qc00215000,30.0,30.0,0,0,False,sin_datos
qc00220105,60.0,60.0,0,0,False,sin_datos
qc00220107,60.0,60.0,0,0,False,sin_datos
qc00220108,60.0,60.0,0,0,False,sin_datos
qc00220201,12.0,12.0,0,0,False,sin_datos
qc00220204,12.0,12.0,0,0,False,sin_datos
qc00220205,12.0,12.0,0,0,False,sin_datos
qc00220206,12.0,12.0,0,0,False,sin_datos
qc00220509,12.0,12.0,0,0,False,sin_datos
qc00220611,12.0,12.0,0,0,False,sin_datos
qc00220812,12.0,12.0,0,0,False,sin_datos
qc00220907,35.0,35.0,0,0,False,sin_datos
qc00221106,12.0,12.0,0,0,False,sin_datos
qc00221110,12.0,12.0,0,0,False,sin_datos
qc00221309,10.0,10.0,0,0,False,sin_datos
qc00221402,60.0,60.0,0,0,False,sin_datos
qc00221501,35.0,35.0,0,0,False,sin_datos
qc00221506,35.0,35.0,0,0,False,sin_datos
qc00221801,60.0,60.0,0,0,False,sin_datos
qc00221802,60.0,60.0,0,0,False,sin_datos
qc00221804,60.0,60.0,0,0,False,sin_datos
qc00221811,30.0,30.0,0,0,False,sin_datos
qc00221813,60.0,60.0,0,0,False,sin_datos
qc00221820,35.0,35.0,0,0,False,sin_datos
qc00230001,35.0,35.0,0,0,False,sin_datos
qc00230002,30.0,30.0,0,0,False,sin_datos
qc00230003,35.0,35.0,0,0,False,sin_datos
qc00230004,35.0,35.0,0,0,False,sin_datos
qc00230503,35.0,35.0,0,0,False,sin_datos
qc00230504,60.0,60.0,0,0,False,sin_datos
qc00230603,60.0,60.0,0,0,False,sin_datos
qc00230700,60.0,60.0,0,0,False,sin_datos
qc00230712,70.0,70.0,0,0,False,sin_datos
qc00230715,60.0,60.0,0,0,False,sin_datos
qc00230717,30.0,30.0,0,0,False,sin_datos
qc00230801,10.0,10.0,0,0,False,sin_datos
qc00230803,10.0,10.0,0,0,False,sin_datos
qc00230931,10.0,10.0,0,0,False,sin_datos
qc00231101,40.0,40.0,0,0,False,sin_datos
qc00231201,40.0,40.0,0,0,False,sin_datos
qc00240001,60.0,60.0,0,0,False,sin_datos
qc00240005,60.0,60.0,0,0,False,sin_datos
qc00240102,60.0,60.0,0,0,False,sin_datos
qc00240103,60.0,60.0,0,0,False,sin_datos
qc00240106,60.0,60.0,0,0,False,sin_datos
qc00240108,60.0,60.0,0,0,False,sin_datos
qc00240109,60.0,60.0,0,0,False,sin_datos
qc00240111,60.0,60.0,0,0,False,sin_datos
qc00240112,60.0,60.0,0,0,False,sin_datos
qc00240202,60.0,60.0,0,0,False,sin_datos
qc00240302,60.0,60.0,0,0,False,sin_datos
qc00240304,60.0,60.0,0,0,False,sin_datos
qc00240401,60.0,60.0,0,0,False,sin_datos
qc00240402,60.0,60.0,0,0,False,sin_datos
qc00240502,60.0,60.0,0,0,False,sin_datos
qc00240503,60.0,60.0,0,0,False,sin_datos
qc00250101,60.0,60.0,0,0,False,sin_datos
qc00250103,40.0,40.0,0,0,False,sin_datos
qc00250301,20.0,20.0,0,0,False,sin_datos
qc00250303,20.0,20.0,0,0,False,sin_datos
qc00250308,20.0,20.0,0,0,False,sin_datos
qc00250405,20.0,20.0,0,0,False,sin_datos
qc00250502,40.0,40.0,0,0,False,sin_datos
qc00250503,30.0,30.0,0,0,False,sin_datos
qc00251001,35.0,35.0,0,0,False,sin_datos
qc00251100,60.0,60.0,0,0,False,sin_datos
qc00251102,60.0,60.0,0,0,False,sin_datos
qc00251104,60.0,60.0,0,0,False,sin_datos
qc00260402,60.0,60.0,0,0,False,sin_datos
qc00260403,60.0,60.0,0,0,False,sin_datos
qc00260501,20.0,20.0,0,0,False,sin_datos
qc00260700,60.0,60.0,0,0,False,sin_datos
qc00270001,20.0,20.0,0,0,False,sin_datos
qc00270200,20.0,20.0,0,0,False,sin_datos
qc00270202,20.0,20.0,0,0,False,sin_datos
qc00270300,20.0,20.0,0,0,False,sin_datos
qc00270500,20.0,20.0,0,0,False,sin_datos
qc00270503,20.0,20.0,0,0,False,sin_datos
qc00270700,20.0,20.0,0,0,False,sin_datos
qc00270900,30.0,30.0,0,0,False,sin_datos
qc47201542,70.0,70.0,0,0,False,sin_datos
qc4720CDF8,12.0,12.0,0,0,False,sin_datos
qc472147C4,30.0,30.0,0,0,False,sin_datos
qc472191AC,60.0,60.0,0,0,False,sin_datos
qc4721AAE4,20.0,20.0,0,0,False,sin_datos
qc4722A338,20.0,20.0,0,0,False,sin_datos
qc4722E032,30.0,30.0,0,0,False,sin_datos
qc4722F344,70.0,70.0,0,0,False,sin_datos
qc4723013A,60.0,60.0,0,0,False,sin_datos
qc4723F1BE,30.0,30.0,0,0,False,sin_datos
qc4724851A,35.0,35.0,0,0,False,sin_datos
qc4724966C,60.0,60.0,0,0,False,sin_datos
qc4724A3F6,70.0,70.0,0,0,False,sin_datos
qc47251282,20.0,20.0,0,0,False,sin_datos
qc47252718,60.0,60.0,0,0,False,sin_datos
qc47256412,20.0,20.0,0,0,False,sin_datos
qc47257764,10.0,10.0,0,0,False,sin_datos
qc47259496,12.0,12.0,0,0,False,sin_datos
qc4725B27A,20.0,20.0,0,0,False,sin_datos
qc4725D79C,30.0,30.0,0,0,False,sin_datos
qc4725E206,12.0,12.0,0,0,False,sin_datos
qc4725F170,12.0,12.0,0,0,False,sin_datos
qc4726158C,20.0,20.0,0,0,False,sin_datos
qc47263360,20.0,20.0,0,0,False,sin_datos
qc472645F0,12.0,12.0,0,0,False,sin_datos
qc47265686,30.0,30.0,0,0,False,sin_datos
qc472680EE,12.0,12.0,0,0,False,sin_datos
qc47269398,12.0,12.0,0,0,False,sin_datos
qc4726A602,12.0,12.0,0,0,False,sin_datos
qc4726C3E4,12.0,12.0,0,0,False,sin_datos
qc4726D092,12.0,12.0,0,0,False,sin_datos
qc4726E508,70.0,70.0,0,0,False,sin_datos
qc4726F67E,70.0,70.0,0,0,False,sin_datos
qc47270400,35.0,35.0,0,0,False,sin_datos
qc4727319A,15.0,15.0,0,0,False,sin_datos
qc4727547C,60.0,60.0,0,0,False,sin_datos
qc472761E6,15.0,15.0,0,0,False,sin_datos
qc47278214,60.0,60.0,0,0,False,sin_datos
qc4727A4F8,40.0,40.0,0,0,False,sin_datos
qc4727C11E,20.0,20.0,0,0,False,sin_datos
qc4727F484,15.0,15.0,0,0,False,sin_datos
qc47280292,30.0,30.0,0,0,False,sin_datos
qc472811E4,12.0,12.0,0,0,False,sin_datos
qc47283708,70.0,70.0,0,0,False,sin_datos
qc47284198,12.0,12.0,0,0,False,sin_datos
qc472852EE,35.0,35.0,0,0,False,sin_datos
qc47287402,60.0,60.0,0,0,False,sin_datos
qc47288486,60.0,60.0,0,0,False,sin_datos
qc472897F0,35.0,35.0,0,0,False,sin_datos
qc4728A26A,70.0,70.0,0,0,False,sin_datos
qc4728B11C,70.0,70.0,0,0,False,sin_datos
qc4728C78C,12.0,12.0,0,0,False,sin_datos
qc4728E160,12.0,12.0,0,0,False,sin_datos
qc4728F216,12.0,12.0,0,0,False,sin_datos
qc47290068,30.0,30.0,0,0,False,sin_datos
qc47292684,12.0,12.0,0,0,False,sin_datos
qc472935F2,35.0,35.0,0,0,False,sin_datos
qc47294362,20.0,20.0,0,0,False,sin_datos
qc4729658E,35.0,35.0,0,0,False,sin_datos
qc472976F8,20.0,20.0,0,0,False,sin_datos
qc4729867C,35.0,35.0,0,0,False,sin_datos
qc4729950A,20.0,20.0,0,0,False,sin_datos
qc4729A090,20.0,20.0,0,0,False,sin_datos
qc4729D600,20.0,20.0,0,0,False,sin_datos
qc4729E39A,30.0,30.0,0,0,False,sin_datos
qc472A218A,60.0,60.0,0,0,False,sin_datos
qc472A32FC,12.0,12.0,0,0,False,sin_datos
qc472A446C,70.0,70.0,0,0,False,sin_datos
qc472A571A,12.0,12.0,0,0,False,sin_datos
qc472A6280,20.0,20.0,0,0,False,sin_datos
qc472A9204,20.0,20.0,0,0,False,sin_datos
qc472AC278,60.0,60.0,0,0,False,sin_datos
qc472B2370,35.0,35.0,0,0,False,sin_datos
qc472B3006,12.0,12.0,0,0,False,sin_datos
qc472B55E0,60.0,60.0,0,0,False,sin_datos
qc472B607A,35.0,35.0,0,0,False,sin_datos
qc472B730C,30.0,30.0,0,0,False,sin_datos
qc472C81BC,15.0,15.0,0,0,False,sin_datos
qc472C92CA,15.0,15.0,0,0,False,sin_datos
qc472CA750,12.0,12.0,0,0,False,sin_datos
qc472CB426,20.0,20.0,0,0,False,sin_datos
qc472CC2B6,15.0,15.0,0,0,False,sin_datos
qc472CF72C,20.0,20.0,0,0,False,sin_datos
qc472D0552,35.0,35.0,0,0,False,sin_datos
qc472D1624,35.0,35.0,0,0,False,sin_datos
qc472D23BE,70.0,70.0,0,0,False,sin_datos
qc472D30C8,70.0,70.0,0,0,False,sin_datos
qc472D552E,15.0,15.0,0,0,False,sin_datos
qc472D60B4,15.0,15.0,0,0,False,sin_datos
qc472D73C2,12.0,12.0,0,0,False,sin_datos
qc472D8346,15.0,15.0,0,0,False,sin_datos
qc472D9030,10.0,10.0,0,0,False,sin_datos
qc472DA5AA,35.0,35.0,0,0,False,sin_datos
qc472DD33A,20.0,20.0,0,0,False,sin_datos
qc472DE6A0,20.0,20.0,0,0,False,sin_datos
qc472E025C,20.0,20.0,0,0,False,sin_datos
qc472E112A,20.0,20.0,0,0,False,sin_datos
qc472E24B0,60.0,60.0,0,0,False,sin_datos
qc472E37C6,20.0,20.0,0,0,False,sin_datos
qc472E4156,20.0,20.0,0,0,False,sin_datos
qc472E5220,70.0,70.0,0,0,False,sin_datos
qc472E74CC,15.0,15.0,0,0,False,sin_datos
qc472EA2A4,15.0,15.0,0,0,False,sin_datos
qc472EB1D2,15.0,15.0,0,0,False,sin_datos
qc472EC742,12.0,12.0,0,0,False,sin_datos
qc472ED434,30.0,30.0,0,0,False,sin_datos
qc472EE1AE,30.0,30.0,0,0,False,sin_datos
qc472EF2D8,70.0,70.0,0,0,False,sin_datos
qc472F00A6,70.0,70.0,0,0,False,sin_datos
qc472F13D0,70.0,70.0,0,0,False,sin_datos
qc472F264A,70.0,70.0,0,0,False,sin_datos
qc472F353C,70.0,70.0,0,0,False,sin_datos
qc472F50DA,70.0,70.0,0,0,False,sin_datos
qc472F6540,70.0,70.0,0,0,False,sin_datos
qc472F7636,70.0,70.0,0,0,False,sin_datos
qc472F95C4,70.0,70.0,0,0,False,sin_datos
qc472FA05E,70.0,70.0,0,0,False,sin_datos
qc472FB328,15.0,15.0,0,0,False,sin_datos
qc472FC5B8,70.0,70.0,0,0,False,sin_datos
qc472FD6CE,70.0,70.0,0,0,False,sin_datos
qc472FE354,12.0,12.0,0,0,False,sin_datos
qc472FF022,15.0,15.0,0,0,False,sin_datos
qc47E01126,70.0,70.0,0,0,False,sin_datos
qc47E024BC,70.0,70.0,0,0,False,sin_datos
qc47E037CA,70.0,70.0,0,0,False,sin_datos
qc47E0415A,70.0,70.0,0,0,False,sin_datos
qc47E0522C,70.0,70.0,0,0,False,sin_datos
qc47E067B6,70.0,70.0,0,0,False,sin_datos
qc47E074C0,70.0,70.0,0,0,False,sin_datos
qc47E08444,70.0,70.0,0,0,False,sin_datos
qc47E09732,70.0,70.0,0,0,False,sin_datos
qc47E0A2A8,70.0,70.0,0,0,False,sin_datos
qc47E0B1DE,70.0,70.0,0,0,False,sin_datos
qc47E0C74E,70.0,70.0,0,0,False,sin_datos
qc47E0D438,70.0,70.0,0,0,False,sin_datos
qc47E0E1A2,70.0,70.0,0,0,False,sin_datos
qc47E0F2D4,70.0,70.0,0,0,False,sin_datos
qc47E113DC,30.0,30.0,0,0,False,sin_datos
qc47E12646,30.0,30.0,0,0,False,sin_datos
qc47E13530,70.0,70.0,0,0,False,sin_datos
qc47E143A0,30.0,30.0,0,0,False,sin_datos
qc47E150D6,30.0,30.0,0,0,False,sin_datos
qc47E1654C,30.0,30.0,0,0,False,sin_datos
qc47E1763A,30.0,30.0,0,0,False,sin_datos
qc47E186BE,70.0,70.0,0,0,False,sin_datos
qc47E1B324,30.0,30.0,0,0,False,sin_datos
qc47E1C5B4,15.0,15.0,0,0,False,sin_datos
qc47E1D6C2,70.0,70.0,0,0,False,sin_datos
qc47E1E358,15.0,15.0,0,0,False,sin_datos
qc47E1F02E,12.0,12.0,0,0,False,sin_datos
qc47E207A4,15.0,15.0,0,0,False,sin_datos
qc47E214D2,60.0,60.0,0,0,False,sin_datos
qc47E2323E,12.0,12.0,0,0,False,sin_datos
qc47E257D8,12.0,12.0,0,0,False,sin_datos
qc47E26242,70.0,70.0,0,0,False,sin_datos
qc47E27134,30.0,30.0,0,0,False,sin_datos
qc47E292C6,30.0,30.0,0,0,False,sin_datos
qc47E2A75C,30.0,30.0,0,0,False,sin_datos
qc47E2B42A,30.0,30.0,0,0,False,sin_datos
qc47E2C2BA,30.0,30.0,0,0,False,sin_datos
qc47E2D1CC,30.0,30.0,0,0,False,sin_datos
qc47E2E456,60.0,60.0,0,0,False,sin_datos
qc47E2F720,70.0,70.0,0,0,False,sin_datos
qc47E3055E,15.0,15.0,0,0,False,sin_datos
qc47E323B2,12.0,12.0,0,0,False,sin_datos
qc47E330C4,12.0,12.0,0,0,False,sin_datos
qc47E34654,12.0,12.0,0,0,False,sin_datos
qc47E35522,15.0,15.0,0,0,False,sin_datos
qc47E360B8,30.0,30.0,0,0,False,sin_datos
qc47E373CE,30.0,30.0,0,0,False,sin_datos
qc47E3834A,30.0,30.0,0,0,False,sin_datos
qc47E3A5A6,30.0,30.0,0,0,False,sin_datos
qc47E3B6D0,30.0,30.0,0,0,False,sin_datos
qc47E8201A,60.0,60.0,0,0,False,sin_datos
qc47E8336C,60.0,60.0,0,0,False,sin_datos
qc47E845FC,35.0,35.0,0,0,False,sin_datos
qc47E8568A,40.0,40.0,0,0,False,sin_datos
qc47E86310,40.0,40.0,0,0,False,sin_datos
qc47E89394,12.0,12.0,0,0,False,sin_datos
qc47E8A60E,30.0,30.0,0,0,False,sin_datos
qc47E8B578,20.0,20.0,0,0,False,sin_datos
qc47E9177A,70.0,70.0,0,0,False,sin_datos
qc47E94706,15.0,15.0,0,0,False,sin_datos
